{"metadata":{"faces":6,"generator":"io_three","vertices":8,"type":"Geometry","uvs":0,"materials":1,"normals":6,"version":3},"uvs":[],"vertices":[4,-0.5,-1,4,-0.5,1,-4,-0.5,1,-4,-0.5,-1,4,0.5,-0.999999,4,0.5,1,-4,0.5,1,-4,0.5,-1],"faces":[35,0,1,2,3,0,0,0,0,0,35,4,7,6,5,0,1,1,1,1,35,0,4,5,1,0,2,2,2,2,35,1,5,6,2,0,3,3,3,3,35,2,6,7,3,0,4,4,4,4,35,4,0,3,7,0,5,5,5,5],"normals":[-2.22045e-15,-1,4.47035e-08,3.9968e-15,1,-4.47035e-08,1,3.57627e-07,1.13249e-06,-7.07805e-08,-2.08616e-07,1,-1,-1.07288e-06,-8.9407e-07,5.96046e-08,4.17233e-07,-1],"materials":[{"colorEmissive":[0,0,0],"colorDiffuse":[0.516289,0.516289,0.516289],"doubleSided":true,"shading":"phong","DbgIndex":0,"depthWrite":true,"blending":1,"colorSpecular":[0.5,0.5,0.5],"DbgColor":15658734,"DbgName":"aluminium","visible":true,"specularCoef":50,"depthTest":true,"wireframe":false,"opacity":1,"transparent":false}]}