{
    "metadata":{
        "generator":"io_three",
        "version":3,
        "type":"BufferGeometry",
        "normal":30,
        "position":30
    },
    "data":{
        "groups":[{
            "count":36,
            "materialIndex":0,
            "start":0
        }],
        "attributes":{
            "normal":{
                "array":[0,-1,0,0,-1,0,0,-1,0,0,1,0,0,1,0,0,1,0,1,-1.19209e-07,0,1,-1.19209e-07,0,1,-1.19209e-07,0,-1.49012e-07,-8.9407e-08,1,-1.49012e-07,-8.9407e-08,1,-1.49012e-07,-8.9407e-08,1,-1,0,0,-1,0,0,-1,0,0,2.68221e-07,8.94069e-08,-1,2.68221e-07,8.94069e-08,-1,2.68221e-07,8.94069e-08,-1,0,-1,0,0,1,0,1,1.19209e-07,4.76837e-07,1,1.19209e-07,4.76837e-07,1,1.19209e-07,4.76837e-07,-4.76837e-07,7.45058e-08,1,-4.76837e-07,7.45058e-08,1,-4.76837e-07,7.45058e-08,1,-1,0,0,1.49012e-07,2.98023e-08,-1,1.49012e-07,2.98023e-08,-1,1.49012e-07,2.98023e-08,-1],
                "itemSize":3,
                "type":"Float32Array"
            },
            "position":{
                "array":[-3.5,-0.5,-0.5,-4.5,-0.5,0.5,-4.5,-0.5,-0.5,-4.5,1.5,-0.5,-3.5,1.5,0.5,-3.5,1.5,-0.5,-3.5,1.5,-0.5,-3.5,-0.5,0.5,-3.5,-0.5,-0.5,-3.5,1.5,0.5,-4.5,-0.5,0.5,-3.5,-0.5,0.5,-4.5,-0.5,0.5,-4.5,1.5,-0.5,-4.5,-0.5,-0.5,-3.5,-0.5,-0.5,-4.5,1.5,-0.5,-3.5,1.5,-0.5,-3.5,-0.5,0.5,-4.5,1.5,0.5,-3.5,1.5,-0.5,-3.5,1.5,0.5,-3.5,-0.5,0.5,-3.5,1.5,0.5,-4.5,1.5,0.5,-4.5,-0.5,0.5,-4.5,1.5,0.5,-3.5,-0.5,-0.5,-4.5,-0.5,-0.5,-4.5,1.5,-0.5],
                "itemSize":3,
                "type":"Float32Array"
            }
        },
        "index":{
            "array":[0,1,2,3,4,5,6,7,8,9,10,11,12,13,14,15,16,17,0,18,1,3,19,4,20,21,22,23,24,25,12,26,13,27,28,29],
            "itemSize":1,
            "type":"Uint16Array"
        }
    }
}